pickup_date,trips,duration_p50,duration_p95,speed_p50,revenue_total,tip_percent_median,flex_fare_percent,airport_percent,invalid_percent,trips_index
2021-01-01,21851.0,8.4,27.15,14.341164453524005,388904.68000000005,13.171759747102213,0.0,0.0,0.0,17.32817344826766
2021-01-02,31009.0,9.316666666666666,29.583333333333332,12.51165889407062,565187.3,15.8934627528944,0.0,0.0,0.0,24.59060594285533
2021-01-03,23458.0,8.433333333333334,30.16916666666663,14.144566016383125,457061.59,16.260162601626014,0.0,0.0,0.0,18.602548750604672
2021-01-04,39006.0,8.75,27.65,12.098258350163508,672348.18,14.553703755622992,0.0,0.0,0.0,30.93234787987407
2021-01-05,41161.0,8.733333333333333,26.2,11.627218934911243,680154.56,15.151515151515152,0.0,0.0,0.0,32.641295469504605
2021-01-06,43604.0,8.733333333333333,25.614166666666645,11.53846153846154,706304.92,16.55629139072848,0.0,0.0,0.0,34.578631414501075
2021-01-07,44148.0,8.866666666666667,26.44416666666669,11.35646687697161,725306.75,16.260162601626014,0.0,0.0,0.0,35.0100316413034
2021-01-08,44332.0,8.683333333333334,25.55,11.49425287356322,715399.01,16.57142857142857,0.0,0.0,0.0,35.15594642389831
2021-01-09,35893.0,8.333333333333334,25.540000000000024,12.79037988521454,596776.13,16.587677725118482,0.0,0.0,0.0,28.463691802602675
2021-01-10,26834.0,8.3,27.766666666666666,13.673496047441173,477350.74,16.587677725118482,0.0,0.0,0.0,21.279767805172046
2021-01-11,40903.0,8.666666666666666,25.316666666666666,11.641168289290682,663390.22,16.260162601626014,0.0,0.0,0.0,32.43669756782262
2021-01-12,44010.0,9.033333333333333,25.683333333333334,11.151539666883851,707920.28,16.57142857142857,0.0,0.0,0.0,34.900595554357224
2021-01-13,45074.0,8.8,24.2,11.326284967509036,712030.26,16.587677725118482,0.0,0.0,0.0,35.74436364501471
2021-01-14,46746.0,9.0,25.533333333333335,11.304954640614095,760508.04,16.582914572864322,0.0,0.0,0.0,37.07028493033362
2021-01-15,46512.0,9.05,27.15,10.99624060150376,757143.4400000001,16.582914572864322,0.0,0.0,0.0,36.8847193915988
2021-01-16,34947.0,8.55,25.266666666666666,12.786282914880585,575502.99,16.591928251121075,0.0,0.0,0.0,27.713499496435396
2021-01-17,28914.0,8.4,25.966666666666665,13.624814172559049,495189.64,16.595744680851062,0.0,0.0,0.0,22.9292392605927
2021-01-18,33119.0,8.316666666666666,25.566666666666666,12.642669007901668,550151.8500000001,16.587677725118482,0.0,0.0,0.0,26.263867851959937
2021-01-19,45202.0,9.116666666666667,25.55,11.052631578947366,732447.55,16.582914572864322,0.0,0.0,0.0,35.8458695807329
2021-01-20,44058.0,8.65,24.083333333333332,11.522018886198389,698085.25,16.587677725118482,0.0,0.0,0.0,34.93866028025155
2021-01-21,47715.0,9.35,27.4,10.801033591731265,781294.55,16.587677725118482,0.0,0.0,0.0,37.83871658432526
2021-01-22,48124.0,9.0,25.8,11.10615449970005,776595.1500000001,16.591928251121075,0.0,0.0,0.0,38.163059769549804
2021-01-23,38330.0,8.366666666666667,24.54249999999993,12.261505133969816,610541.62,16.595744680851062,0.0,0.0,0.0,30.396269656862355
2021-01-24,28094.0,8.05,25.7,13.640833988985051,476921.98,16.591928251121075,0.0,0.0,0.0,22.27896685989802
2021-01-25,41645.0,8.816666666666666,24.966666666666665,11.389432485322896,671163.03,16.577540106951876,0.0,0.0,0.0,33.02511478893903
2021-01-26,42315.0,8.8,24.221666666666593,11.129103488885619,663521.37,16.587677725118482,0.0,0.0,0.0,33.55643492121395
2021-01-27,46654.0,9.15,25.55,10.933527295247846,744788.3900000001,16.587677725118482,0.0,0.0,0.0,36.99732753903617
2021-01-28,50275.0,9.15,26.121666666666595,10.69609507640068,806035.4100000001,16.587677725118482,0.0,0.0,0.0,39.86883529868915
2021-01-29,48624.0,8.983333333333333,26.764166666666643,10.697674418604652,780848.98,16.591928251121075,0.0,0.0,0.0,38.559567330949
2021-01-30,35569.0,8.4,24.94333333333331,12.233009708737864,570223.3,16.591928251121075,0.0,0.0,0.0,28.206754902815998
2021-01-31,28117.0,11.929166666666667,26.704166666666666,15.01411517178561,459538.88,10.414608193357147,0.0,0.0,0.0,22.297206207722382
2021-02-01,5265.0,8.0,29.979166666666654,11.618880353134156,83470.78,11.136363636363637,0.0,0.0,0.0,4.175224621533532
2021-02-02,25985.0,8.166666666666666,24.759999999999977,12.308930008045053,423077.64,15.454545454545453,0.0,0.0,0.0,20.60649796591621
2021-02-03,49213.0,10.683333333333334,29.566666666666666,9.568965517241379,839184.03,16.587677725118482,0.0,0.0,0.0,39.026653238277255
2021-02-04,52144.0,11.566666666666666,33.75,8.854532677442023,918432.9300000002,16.587677725118482,0.0,0.0,0.0,41.35098056319934
2021-02-05,50769.0,10.283333333333333,29.733333333333334,9.793253536452665,854069.81,16.587677725118482,0.0,0.0,0.0,40.26058476935155
2021-02-06,45254.0,9.383333333333333,26.372499999999977,11.421986478619475,736349.68,16.59919028340081,0.0,0.0,0.0,35.88710636711842
2021-02-07,24407.0,7.7,24.283333333333335,14.4222833562586,406593.36000000004,16.59919028340081,0.0,0.0,0.0,19.355120102140347
2021-02-08,45617.0,9.45,27.153333333333283,10.656620021528525,752920.03,16.577540106951876,0.0,0.0,0.0,36.17497085669424
2021-02-09,46467.0,9.666666666666666,26.633333333333333,10.350877192982457,756869.01,16.591928251121075,0.0,0.0,0.0,36.84903371107287
2021-02-10,50999.0,10.1,29.16833333333331,9.885172241637546,846376.0000000001,16.591928251121075,0.0,0.0,0.0,40.44297824759518
2021-02-11,52047.0,9.95,27.633333333333333,10.22312373225152,860010.5100000001,16.591928251121075,0.0,0.0,0.0,41.274058096287895
2021-02-12,56442.0,9.783333333333333,29.233333333333334,10.233366758138352,945785.3900000001,16.595744680851062,0.0,0.0,0.0,44.75935956098683
2021-02-13,43770.0,8.95,25.45,11.71875,703881.5700000001,16.595744680851062,0.0,0.0,0.0,34.71027192488561
2021-02-14,36009.0,8.716666666666667,25.766666666666666,12.489616418275103,598811.7100000001,16.587677725118482,0.0,0.0,0.0,28.55568155684729
2021-02-15,36353.0,8.366666666666667,25.416666666666668,12.485997414907368,598467.9199999999,16.582914572864322,0.0,0.0,0.0,28.828478759089936
2021-02-16,45103.0,9.466666666666667,27.033333333333335,10.935601458080194,751728.5700000001,16.582914572864322,0.0,0.0,0.0,35.767361083575864
2021-02-17,53340.0,9.9,28.533333333333335,10.11864419049672,883713.04,16.587677725118482,0.0,0.0,0.0,42.299426650066216
2021-02-18,33638.0,8.666666666666666,25.25,11.251871482725754,536085.24,16.591928251121075,0.0,0.0,0.0,26.6754427006923
2021-02-19,47653.0,8.666666666666666,24.433333333333334,11.592505854800937,769096.66,16.595744680851062,0.0,0.0,0.0,37.78954964671176
2021-02-20,46777.0,8.75,24.916666666666668,12.114771519659936,757942.1900000002,16.59919028340081,0.0,0.0,0.0,37.094868399140374
2021-02-21,33499.0,8.516666666666667,25.934999999999977,13.05075292805354,568024.29,16.591928251121075,0.0,0.0029851637362309324,0.0,26.565213598623327
2021-02-22,44643.0,6.625,26.85,10.694239634011819,732691.79,16.627172195892573,0.0,0.0,0.0,35.402574127088606
2021-02-23,50604.0,9.65,26.95,10.439770554493307,831109.56,16.591928251121075,0.0,0.0,0.0,40.12973727408982
2021-02-24,52943.0,9.833333333333334,28.483333333333334,10.314365300437725,876309.4000000001,16.591928251121075,0.0,0.0,0.0,41.98459964631525
2021-02-25,54939.0,10.116666666666667,29.533333333333335,10.11484823625923,922792.3600000001,16.595744680851062,0.0,0.0,0.0,43.567457831420846
2021-02-26,57822.0,9.866666666666667,29.666666666666668,10.350929375789265,963211.2600000001,15.454545454545453,0.0,0.0,0.0,45.85372043044861
2021-02-27,44475.0,8.7,25.216666666666665,12.272727272727272,724219.3799999999,16.602316602316602,0.0,0.0,0.0,35.26934758645847
2021-02-28,34027.0,9.141666666666666,27.850833333333323,14.561765783019872,584159.68,16.631205673758863,0.0,0.0,0.0,26.983925583460877
2021-03-01,48271.0,6.470833333333333,26.7,11.48226414212615,797496.9600000001,14.06068805566293,0.0,0.0,0.0,38.27963299260117
2021-03-02,55069.0,9.333333333333334,26.2,10.636738433348603,891252.1400000001,16.591928251121075,0.0,0.0,0.0,43.67054979738464
2021-03-03,56090.0,9.55,26.833333333333332,10.473961867995342,916039.9300000002,16.591928251121075,0.0,0.0,0.0,44.4802182377618
2021-03-04,60043.0,9.45,26.983333333333334,10.551415797317436,979452.6200000001,16.59919028340081,0.0,0.0,0.0,47.61500701818384
2021-03-05,62012.0,9.7,28.533333333333335,10.398973319580907,1028533.1900000001,16.595744680851062,0.0,0.0,0.0,49.17645379497387
2021-03-06,50010.0,8.833333333333334,25.283333333333335,11.879551676441046,809795.3300000001,16.605166051660518,0.0,0.0,0.0,39.658686291147575
2021-03-07,34854.0,8.633333333333333,26.922499999999978,13.128038897893033,603737.09,16.595744680851062,0.0,0.0,0.0,27.639749090015147
2021-03-08,49542.0,9.283333333333333,26.633333333333333,11.094103713099834,821989.27,16.587677725118482,0.0,0.0,0.0,39.287555213677926
2021-03-09,55080.0,9.466666666666667,26.3,10.81776447267762,900029.43,16.582914572864322,0.0,0.0,0.0,43.67927296373542
2021-03-10,57463.0,9.6,27.1,10.661401776900295,949054.0900000001,16.59919028340081,0.0,0.0,0.0,45.56902800136399
2021-03-11,60811.0,9.733333333333333,27.516666666666666,10.628900624099856,1013099.42,16.595744680851062,0.0,0.0,0.0,48.224042632493
2021-03-12,63974.0,9.883333333333333,29.283333333333335,10.579280721252665,1085060.4100000001,16.59919028340081,0.0,0.0,0.0,50.73234946590431
2021-03-13,55539.0,9.233333333333333,26.933333333333334,11.880067886102207,918811.1000000001,16.602316602316602,0.0,0.0,0.0,44.04326690509988
2021-03-14,39696.0,8.483333333333333,27.083333333333332,13.014460511679644,679680.48,16.59919028340081,0.0,0.0,0.0,31.47952831460496
2021-03-15,54541.0,8.983333333333333,26.316666666666666,11.159330440173589,895752.05,16.582914572864322,0.0,0.0,0.0,43.25183781254709
2021-03-16,58357.0,9.416666666666666,26.53666666666662,10.684081210397,955639.3300000001,16.591928251121075,0.0,0.0,0.0,46.27798352114575
2021-03-17,63840.0,9.283333333333333,25.7,10.915483986824537,1039441.4900000001,16.595744680851062,0.0,0.0,0.0,50.626085439449334
2021-03-18,64010.0,9.833333333333334,28.516666666666666,10.164271047227926,1067604.46,16.59919028340081,0.0,0.0,0.0,50.76089801032506
2021-03-19,67010.0,9.6,28.566666666666666,10.537519957424163,1121615.4400000002,16.59919028340081,0.0,0.0,0.0,53.13994337872023
2021-03-20,55999.0,9.483333333333333,27.083333333333332,11.913739319137393,942023.8400000001,16.59919028340081,0.0,0.0,0.0,44.40805386158714
2021-03-21,40538.0,9.15,28.402500000000025,12.917876777232383,718562.29,16.591928251121075,0.0,0.0,0.0,32.147247048001205
2021-03-22,53074.0,9.133333333333333,27.522499999999976,11.609776891835342,901084.6300000001,16.577540106951876,0.0,0.0,0.0,42.08848462740185
2021-03-23,56653.0,9.45,26.983333333333334,11.090573012939004,946120.4600000001,16.587677725118482,0.0,0.0,0.0,44.92668575189729
2021-03-24,61461.0,9.483333333333333,28.616666666666667,10.462124821343497,1018269.2900000002,16.591928251121075,0.0,0.0,0.0,48.739502462311954
2021-03-25,62590.0,9.583333333333334,28.75,10.91476913528053,1063064.9000000001,16.595744680851062,0.0,0.0,0.0,49.63481653595134
2021-03-26,65830.0,9.833333333333334,30.516666666666666,10.969928411324847,1142473.83,16.595744680851062,0.0,0.0,0.0,52.204185533818126
2021-03-27,61349.0,9.85,28.44333333333331,11.783295711060946,1054891.1600000001,16.605166051660518,0.0,0.0,0.0,48.650684768558534
2021-03-28,36234.0,8.5,26.9,13.619536428589551,641273.15,16.591928251121075,0.0,0.0,0.0,28.73410995947693
2021-03-29,51687.0,8.933333333333334,26.433333333333334,11.883892999430847,876734.7000000002,16.587677725118482,0.0,0.0,0.0,40.98857265208048
2021-03-30,59466.0,9.75,29.583333333333332,10.829347016430475,1018781.5800000001,16.587677725118482,0.0,0.0,0.0,47.15743729232916
2021-03-31,60558.0,10.008333333333333,28.566666666666666,15.930883345137921,1025307.1000000002,14.395433316035287,0.0,0.0,0.0,48.02340980642501
2021-04-01,65377.0,12.166666666666668,28.42416666666662,14.360985554706875,1114935.32,12.953044754218634,0.0,0.0,0.0,51.84494968319046
2021-04-02,65389.0,9.183333333333334,27.183333333333334,11.463079879220421,1106132.0700000003,16.595744680851062,0.0,0.0,0.0,51.854465864664036
2021-04-03,56561.0,9.2,27.366666666666667,12.162162162162161,957574.8300000001,16.595744680851062,0.0,0.0,0.0,44.85372836059984
2021-04-04,41672.0,8.816666666666666,28.566666666666666,13.833384568090992,760807.26,16.595744680851062,0.0,0.0,0.0,33.04652619725458
2021-04-05,55881.0,9.416666666666666,29.933333333333334,11.578620261031697,989326.6800000002,16.587677725118482,0.0,1.5067733218804245,0.0,44.31447807709693
2021-04-06,62935.0,9.933333333333334,29.971666666666593,10.814596387762625,1101624.1,16.595744680851062,0.0,1.4332247557003257,0.0,49.90840675331678
2021-04-07,66845.0,9.883333333333333,29.65,10.724815724815725,1157611.6700000002,16.595744680851062,0.0,1.5782781060662727,0.0,53.0090958834585
2021-04-08,69559.0,10.216666666666667,31.183333333333334,10.47673750717978,1226125.7400000002,16.59919028340081,0.0,2.146379332652856,0.0,55.161338926733336
2021-04-09,70895.0,10.1,31.205000000000048,10.505548705302095,1250472.5500000003,16.59919028340081,0.0,2.380985965159743,0.0,56.22080713079198
2021-04-10,62624.0,9.75,28.1,11.681883469964179,1079250.1600000001,16.605166051660518,0.0,2.484670413898825,0.0,49.66177905012648
2021-04-11,43131.0,8.816666666666666,29.016666666666666,12.771996215704824,771898.8200000001,16.59919028340081,0.0,4.2799842340775776,0.0,34.203535261417436
2021-04-12,62301.0,9.5,29.983333333333334,10.896860986547086,1087457.3900000001,16.587677725118482,0.0,3.4285163962055187,0.0,49.405635165462606
2021-04-13,66319.0,10.0,29.7,10.543293718166383,1155475.87,16.595744680851062,0.0,2.9900933367511575,0.0,52.59196992886655
2021-04-14,69243.0,9.266666666666666,29.1,8.599755462049353,1192946.5,14.82133427213519,0.0,1.2478336221837087,0.0,54.91074614792904
2021-04-15,72412.0,10.283333333333333,30.933333333333334,9.76796524490884,1262096.4000000001,16.602316602316602,0.0,2.724686516047064,0.0,57.42381107207714
2021-04-16,74363.0,10.433333333333334,32.8,9.960036889025515,1322688.27,16.59919028340081,0.0,2.821295536758872,0.0,58.970983576656806
2021-04-17,67815.0,9.75,28.321666666666594,11.669776119402986,1168089.75,16.610169491525426,0.0,2.872520828725208,0.0,53.778320552572936
2021-04-18,49203.0,9.4,29.2,12.78083933870284,895720.4600000001,16.602316602316602,0.0,5.052537446903644,0.0,39.01872308704927
2021-04-19,60319.0,9.583333333333334,28.433333333333334,11.180698151950716,1051483.25,16.587677725118482,0.0,4.197682322319667,0.0,47.833879192076196
2021-04-20,70682.0,10.283333333333333,30.09916666666662,10.336427788872733,1235493.54,16.595744680851062,0.0,3.1422427209190458,0.0,56.05189490963593
2021-04-21,71667.0,9.95,28.516666666666666,10.332950631458095,1223002.27,16.602316602316602,0.0,2.7976614062260174,0.0,56.83301480559234
2021-04-22,76305.0,10.033333333333333,29.2,10.26615969581749,1319764.51,16.605166051660518,0.0,2.9565559268724195,0.0,60.51101894513128
2021-04-23,76451.0,10.283333333333333,30.8,10.409180129850522,1351435.71,16.602316602316602,0.0,3.139265673437888,0.0,60.62679915305985
2021-04-24,72073.0,10.183333333333334,30.583333333333332,11.34453781512605,1266694.09,16.612377850162865,0.0,2.862375646913546,0.0,57.15497894544849
2021-04-25,44819.0,9.083333333333334,28.283333333333335,13.206997084548105,822742.3400000001,16.59919028340081,0.0,6.287511992681676,0.0,35.54214478870112
2021-04-26,62903.0,9.7,30.083333333333332,11.042944785276076,1117674.4400000002,16.595744680851062,0.0,4.543503489499706,0.0,49.883030269387234
2021-04-27,68926.0,9.966666666666667,28.733333333333334,10.593900481540931,1194293.05,16.59919028340081,0.0,3.5124626410933466,0.0,54.659360354001954
2021-04-28,75320.0,10.366666666666667,30.267500000000048,10.18867924528302,1314605.05,16.602316602316602,0.0,3.0031864046733934,0.0,59.72989904917487
2021-04-29,74294.0,10.55,32.28916666666652,9.96242180770697,1324689.53,16.602316602316602,0.0,3.429617465744206,0.0,58.91626553318372
2021-04-30,80599.0,9.758333333333333,32.55,12.492113930815899,1444829.97,16.63591635916359,0.0,4.3449707181215675,0.0,63.916225882427575
2021-05-01,74031.0,11.95,30.361666666666665,14.01440890524883,1295029.48,16.637220259128384,0.0,12.607215201176842,0.0,58.70770255588774
2021-05-02,55457.0,9.333333333333334,29.683333333333334,13.079019073569482,1024352.0900000001,16.602316602316602,0.0,5.945146690228465,0.0,43.978239665030415
2021-05-03,67468.0,9.633333333333333,29.866666666666667,11.058742983629967,1199372.97,16.595744680851062,0.0,4.990514021462027,0.0,53.50314430496189
2021-05-04,73019.0,10.0,28.7,10.51094890510949,1271835.54,16.59919028340081,0.0,3.6634300661471673,0.0,57.90517125161577
2021-05-05,79027.0,8.2,30.266666666666666,9.430094083743008,1376843.47,8.302583025830259,0.0,1.6678477424579876,0.0,62.6696061093885
2021-05-06,80208.0,10.866666666666667,32.46666666666667,9.89804227166863,1448495.77,16.605166051660518,0.0,3.3500398962696987,0.0,63.606156969413405
2021-05-07,83842.0,10.616666666666667,32.583333333333336,10.284044312873444,1523334.82,16.605166051660518,0.0,3.62109682498032,0.0,66.48797392566276
2021-05-08,73293.0,9.533333333333333,27.666666666666668,11.851851851851853,1266758.85,16.605166051660518,0.0,3.5678714201901953,0.0,58.12245739526253
2021-05-09,57829.0,9.35,31.55,12.625250501002004,1061060.3,16.595744680851062,0.0,5.4159677670373,0.0,45.8592715363082
2021-05-10,67138.0,9.85,30.3,11.137724550898204,1216755.03,16.595744680851062,0.0,5.6108314218475375,0.0,53.24144931443843
2021-05-11,75942.0,10.483333333333333,30.9,10.243439772368006,1357500.2799999998,16.59919028340081,0.0,4.157119907297675,0.0,60.223154455555466
2021-05-12,78809.0,10.366666666666667,30.566666666666666,10.322073841319716,1405217.31,16.605166051660518,0.0,3.7660673273357106,0.0,62.49672881261846
2021-05-13,74919.0,10.483333333333333,32.666666666666664,10.665412649894192,1371554.2200000002,16.602316602316602,0.0,3.9949812464127925,0.0,59.41189998493271
2021-05-14,84279.0,10.666666666666666,33.91833333333319,10.399002493765586,1558543.62,16.605166051660518,0.0,3.9570948872198293,0.0,66.83452153432566
2021-05-15,81281.0,10.366666666666667,29.833333333333332,11.563121272365805,1458633.58,16.610169491525426,0.0,3.603548184692609,0.0,64.45706219617608
2021-05-16,60676.0,9.8,30.366666666666667,12.880143112701253,1161921.69,16.602316602316602,0.0,6.546245632540049,0.0,48.11698559091522
2021-05-17,67291.0,9.466666666666667,28.966666666666665,11.42578125,1214076.62,16.59919028340081,0.0,5.5460611374478015,0.0,53.36278062822658
2021-05-18,77479.0,10.183333333333334,30.0,10.508757297748124,1380172.31,16.602316602316602,0.0,4.328914931787969,0.0,61.4420186992966
2021-05-19,83061.0,10.766666666666667,33.61666666666667,9.963343108504398,1510049.6,16.605166051660518,0.0,3.911583053418572,0.0,65.86862911475721
2021-05-20,85051.0,11.216666666666667,35.333333333333336,9.800362976406534,1591627.57,16.607773851590107,0.0,4.066971581756828,0.0,67.44672920912602
2021-05-21,87187.0,10.916666666666666,34.5,10.088315217391303,1623160.61,16.607773851590107,0.0,4.040740018580752,0.0,69.14060951142338
2021-05-22,86002.0,10.283333333333333,30.133333333333333,11.481350237551514,1539995.9200000002,16.610169491525426,0.0,3.68247250063952,0.0,68.20088659090729
2021-05-23,65221.0,9.633333333333333,31.4,12.886430198503092,1229799.6,16.605166051660518,0.0,6.10539550144892,0.0,51.72123932403391
2021-05-24,74266.0,9.883333333333333,31.345833333333335,11.05336778818032,1369057.78,16.59919028340081,0.0,5.501844720329626,0.0,58.894061109745365
2021-05-25,81174.0,10.733333333333333,32.68333333333333,10.035788969644472,1480823.23,16.605166051660518,0.0,4.37085766378397,0.0,64.37220957803666
2021-05-26,85562.0,11.083333333333334,34.71666666666667,9.559346667317843,1584136.58,16.605166051660518,0.0,4.088263481452047,0.0,67.851959936876
2021-05-27,84721.0,10.608333333333334,37.4,13.201156254389,1606089.8199999998,12.469249692496925,0.0,2.2303143332664455,0.0,67.18503421860255
2021-05-28,79640.0,10.633333333333333,37.25,10.02764739262997,1495345.42,16.602316602316602,0.0,4.658463083877448,0.0,63.15572437966392
2021-05-29,59100.0,9.2,27.933333333333334,12.23844564414776,1045231.23,16.602316602316602,0.0,5.40439932318105,0.0,46.86719375738495
2021-05-30,49108.0,9.183333333333334,29.6,12.843416284925212,907417.62,16.59919028340081,0.0,7.255436996008798,0.0,38.943386650383424
2021-05-31,51371.0,9.8,32.06666666666667,16.41315246309294,1043976.99,16.631205673758863,0.0,17.820395184838937,0.0,40.73797987327618
2021-06-01,78431.0,17.525,34.55,14.488156883176886,1471392.68,16.62929745889387,0.0,27.893652838177342,0.0,62.19696909620067
2021-06-02,85100.0,11.15,33.86666666666667,9.767660704385632,1579484.83,16.602316602316602,0.0,4.619271445358402,0.0,67.48558695014314
2021-06-03,88646.0,11.116666666666667,33.78333333333333,9.554140127388536,1642926.17,16.607773851590107,0.0,4.464950477178891,0.0,70.29761857558624
2021-06-04,87503.0,11.083333333333334,36.2649999999999,9.854913769504517,1649603.4100000001,16.605166051660518,0.0,4.629555558095151,0.0,69.39120229022768
2021-06-05,89658.0,10.316666666666666,31.0,11.512301076434984,1618015.4800000002,16.607773851590107,0.0,4.071025452274197,0.0,71.10014987985821
2021-06-06,70641.0,11.141666666666667,32.61750000000005,14.305616723173845,1351334.0,14.081505121967549,0.0,3.2693941109852775,0.0,56.01938128960119
2021-06-07,81153.0,10.133333333333333,33.4,10.636675562333206,1507564.63,16.59919028340081,0.0,5.699111554717632,0.0,64.35555626045789
2021-06-08,87499.0,11.35,34.68333333333333,9.236545682102628,1623503.35,16.605166051660518,0.0,4.4754797197682255,0.0,69.38803022973649
2021-06-09,91784.0,11.016666666666667,33.8,9.63589546211908,1692722.7100000002,16.610169491525426,0.0,4.2077050466312205,0.0,72.78610003092759
2021-06-10,95893.0,11.383333333333333,35.5,9.710642471799902,1819675.1900000002,16.610169491525426,0.0,4.458093917178521,0.0,76.04459917050619
2021-06-11,90514.0,11.166666666666666,36.8,10.072280533104848,1733244.23,16.607773851590107,0.0,4.85891685264158,0.0,71.77897082497363
2021-06-12,86540.0,10.75,30.833333333333332,11.51104195839654,1599841.73,16.612377850162865,0.0,4.100993760110931,0.0,68.62752872697283
2021-06-13,67408.0,10.266666666666667,33.06666666666667,12.74665329784726,1332020.2000000002,16.605166051660518,0.0,7.135651554711607,0.0,53.45556339759399
2021-06-14,79337.0,10.133333333333333,32.233333333333334,11.05917828872974,1498681.9700000002,16.602316602316602,0.0,6.370293809949961,0.0,62.91544079745601
2021-06-15,89840.0,10.966666666666667,33.88333333333333,10.01123710416038,1681974.36,16.607773851590107,0.0,4.943232413178985,0.0,71.24447863220752
2021-06-16,93783.0,12.891666666666666,34.15,10.511389708019186,1749749.0,16.637220259128384,0.0,2.1827449056845203,0.0,74.37133726140158
2021-06-17,94434.0,12.016666666666667,40.1,9.544588559845147,1855786.35,16.610169491525426,0.0,4.6773407882754094,0.0,74.88759010634332
2021-06-18,90396.0,11.666666666666666,40.68333333333333,9.961832061068703,1780014.73,16.607773851590107,0.0,4.838709677419355,0.0,71.68539504048343
2021-06-19,88106.0,10.366666666666667,30.845833333333335,11.71875,1606871.4100000001,16.607773851590107,0.0,4.384491408076635,0.0,69.8693904092751
2021-06-20,70425.0,9.866666666666667,32.6,13.195146612740142,1355918.63,16.602316602316602,0.0,6.432374866879659,0.0,55.84809002307674
2021-06-21,82653.0,10.083333333333334,33.089999999999904,11.183018379497799,1549191.29,16.59919028340081,0.0,6.117140333684198,0.0,65.54507894465547
2021-06-22,90839.0,11.016666666666667,34.13333333333333,9.818982387475538,1702603.6400000001,16.607773851590107,0.0,5.210317154526139,0.0,72.03670073988312
2021-06-23,94552.0,11.433333333333334,34.483333333333334,9.88548517175585,1793901.3200000003,16.607773851590107,0.0,4.733903037482021,0.0,74.98116589083354
2021-06-24,96072.0,11.583333333333334,37.35,9.895935597879442,1863947.7600000002,16.610169491525426,0.0,4.740194853859606,0.0,76.1865488774871
2021-06-25,94428.0,11.283333333333333,37.93333333333333,10.394751682952023,1841648.9400000002,16.610169491525426,0.0,4.988986317617656,0.0,74.88283201560654
2021-06-26,90096.0,10.866666666666667,33.85,11.627730929704416,1697240.35,16.610169491525426,0.0,4.343145089682117,0.0,71.4474905036439
2021-06-27,70030.0,17.366666666666667,34.8,11.146849158977107,1410020.1199999999,8.302583025830259,0.0,3.4828428222593493,0.0,55.53484904957138
2021-06-28,83331.0,10.066666666666666,33.25,11.237605582078588,1573925.3900000001,16.595744680851062,0.0,6.110571095990688,0.0,66.08274319791279
2021-06-29,92485.0,10.533333333333333,32.26333333333338,10.394469296461978,1700822.6099999999,16.605166051660518,0.0,4.8169973509217705,0.0,73.34200363200927
2021-06-30,93050.0,10.575,34.25,12.929127864923878,1726226.2700000003,16.638418079096045,0.0,7.500503613568821,0.0,73.79005717639035
2021-07-01,85634.0,12.1875,44.44166666666665,11.957168910893374,1660277.09,16.63449163449163,0.0,10.982556554919595,0.0,67.90905702571749
2021-07-02,78895.0,17.5375,33.92333333333323,12.846726308281,1501030.37,13.291338778659519,0.0,2.8855538514190107,0.0,62.56492811317912
2021-07-03,64856.0,12.5125,28.5,12.500417918698048,1196620.72,17.456359592244148,0.0,2.865667499306134,0.0,51.431788804212495
2021-07-04,54328.0,232.44166666666666,454.93333333333334,7.950034736504671,1068649.19,18.280681192321644,0.0,53.616065676367185,0.0,43.082925591391025
2021-07-05,58925.0,9.766666666666667,32.78333333333333,13.802521008403362,1223741.4100000001,16.587677725118482,0.0,10.5337293169283,0.0,46.72841611089523
2021-07-06,81410.0,232.53333333333333,455.15,6.687467846631341,1508524.0700000003,8.295964125560538,0.0,53.12864670982324,0.0,64.55936114701707
2021-07-07,89003.0,10.3,32.95,10.75429424943988,1678450.45,16.602316602316602,0.0,6.311023223936271,0.0,70.58072497442527
2021-07-08,86213.0,11.875,36.333333333333336,17.33792127801144,1662610.6700000002,16.666666666666664,0.0,1.760043305107683,0.0,68.36821278181775
2021-07-09,85079.0,10.816666666666666,35.11666666666667,10.577864838393733,1645760.87,16.605166051660518,0.0,6.302377790053949,0.0,67.46893363256437
2021-07-10,85408.0,10.783333333333333,32.11666666666667,11.58338349310753,1613487.77,16.605166051660518,0.0,5.309807043836643,0.0,67.72983560796504
2021-07-11,69347.0,10.233333333333333,33.26166666666662,13.077480086893555,1396816.32,16.602316602316602,0.0,8.050816906282895,0.0,54.993219720700075
2021-07-12,77850.0,10.2,33.61666666666667,11.347483600570651,1513854.59,16.59919028340081,0.0,7.4656390494540785,0.0,61.7362273098548
2021-07-13,88740.0,10.683333333333334,32.2,10.653864698911079,1676298.46,16.607773851590107,0.0,5.877845391029975,0.0,70.37216199712928
2021-07-14,95961.0,11.516666666666666,32.86916666666657,9.243670812130514,1809595.2300000002,16.638418079096045,0.0,4.757873517951358,0.0,76.09852419885647
2021-07-15,97086.0,12.5,38.016666666666666,9.932170152180628,1903090.51,16.638418079096045,0.0,2.564881878406363,0.0,76.99066621200467
2021-07-16,94063.0,12.3625,36.43333333333333,10.975980277972141,1828463.3400000003,13.372393036572142,0.0,2.683346979573174,0.0,74.59338149578512
2021-07-17,86504.0,11.204166666666666,31.5,10.752168413293012,1619043.4900000002,15.941471914719147,0.0,2.517170409083551,0.0,68.59898018255208
2021-07-18,70508.0,12.658333333333333,37.736666666666665,13.221749129223916,1454198.66,8.302583025830259,0.0,11.072777911754832,0.0,55.91391027826901
2021-07-19,81258.0,11.7625,33.95666666666657,12.36906073154905,1584896.94,16.631205673758863,0.0,5.577459283788608,0.0,64.43882284835172
2021-07-20,84086.0,10.033333333333333,31.866666666666667,10.922442192995591,1591473.7,16.63449163449163,0.0,6.595125205268081,0.0,66.68146961562557
2021-07-21,89766.0,9.458333333333332,33.016666666666666,10.139242007087248,1714035.68,16.63591635916359,0.0,4.079982785389184,0.0,71.18579551312044
2021-07-22,95139.0,10.7,44.78333333333333,10.040833083088021,1854417.49,16.637220259128384,0.0,9.901535836690066,0.0,75.4466657679162
2021-07-23,90555.0,12.325,38.22333333333331,10.830002338191576,1795060.7300000002,16.63591635916359,0.0,10.705773335875698,0.0,71.81148444500836
2021-07-24,84936.0,10.608333333333334,48.023333333333305,11.722943907678822,1639206.77,16.63591635916359,0.0,6.7817269643866585,0.0,67.3555324700042
2021-07-25,69004.0,11.216666666666667,32.95,13.18203594403203,1398769.78,8.301158301158301,0.0,7.572414926051014,0.0,54.72121553358023
2021-07-26,81121.0,15.133333333333333,44.00999999999998,13.420411533769427,1589476.07,15.256814581204933,0.0,11.396011396011396,0.0,64.33017977652834
2021-07-27,90984.0,11.683333333333334,31.783333333333335,9.538823362031863,1698635.0,16.63591635916359,0.0,6.210630872788553,0.0,72.15168793268887
2021-07-28,91149.0,10.883333333333333,33.5,9.97186218061524,1736987.77,13.128448329303826,0.0,7.508590742064538,0.0,72.2825354279506
2021-07-29,90724.0,11.25,35.333333333333336,10.131332082551594,1757581.4400000002,11.63716814159292,0.0,3.178129021606132,0.0,71.94550400076129
2021-07-30,89963.0,22.237499999999997,59.32083333333331,14.009703338492667,1792699.4600000002,14.678258212740971,0.0,13.16665369693062,0.0,71.34201949231172
2021-07-31,84419.0,11.7625,33.233333333333334,12.347422003207512,1633412.42,16.53429034290343,0.0,7.907399114522578,0.0,66.94554365151744
2021-08-01,65801.0,12.15,35.28333333333333,13.03419532617149,1353384.2000000002,14.035103255286742,0.0,18.047953536459282,0.0,52.18118809525698
2021-08-02,75825.0,11.816666666666666,34.61416666666652,8.07670928152248,1508460.2999999998,16.62929745889387,0.0,4.126002321164803,0.0,60.130371686188056
2021-08-03,85672.0,10.716666666666667,33.18333333333333,10.76778144135657,1641780.4400000002,16.605166051660518,0.0,6.131524885610235,0.0,67.93919160038382
2021-08-04,89404.0,10.716666666666667,33.21666666666667,10.86505096693157,1711757.62,16.605166051660518,0.0,5.8923538096729455,0.0,70.89872403866742
2021-08-05,90981.0,10.933333333333334,34.916666666666664,10.651872399445216,1768203.9500000002,16.607773851590107,0.0,5.906727778327343,0.0,72.14930888732049
2021-08-06,89104.0,11.05,37.65,10.80849523445275,1757507.44,16.602316602316602,0.0,6.033399173998923,0.0,70.6608195018279
2021-08-07,82383.0,10.783333333333333,32.53166666666657,11.98472535004406,1583603.44,16.605166051660518,0.0,5.547260964033842,0.0,65.33096486149991
2021-08-08,67392.0,10.4,34.516666666666666,12.847810307282845,1378732.84,16.602316602316602,0.0,8.5173314339981,0.0,53.44287515562922
2021-08-09,75699.0,11.304166666666667,34.68333333333333,11.477710625104496,1506755.33,14.044909273239861,0.0,4.23728813559322,0.0,60.03045178071546
2021-08-10,87923.0,10.366666666666667,33.11666666666667,10.668563300142248,1654010.11,16.605166051660518,0.0,5.891518715239471,0.0,69.724268641803
2021-08-11,91872.0,10.45,33.55,10.593181068472063,1714720.71,16.605166051660518,0.0,5.295411006617903,0.0,72.85588536173385
2021-08-12,90063.0,11.066666666666666,37.7649999999999,10.473815461346632,1770651.0,16.605166051660518,0.0,6.167904688939965,0.0,71.42132100459156
2021-08-13,89567.0,10.883333333333333,37.39499999999995,10.892586989409985,1761203.86,16.602316602316602,0.0,6.235555505934105,0.0,71.02798550368355
2021-08-14,82649.0,10.75,31.909999999999854,12.0059731209557,1582047.7200000002,16.607773851590107,0.0,5.61773282193372,0.0,65.54190688416428
2021-08-15,69033.0,10.533333333333333,35.03333333333333,13.205160637490513,1423614.32,16.602316602316602,0.0,8.69873828458853,0.0,54.744212972141376
2021-08-16,74420.0,10.158333333333333,34.333333333333336,11.827875775590423,1480023.6,16.587677725118482,0.0,8.462778822897072,0.0,59.016185438656315
2021-08-17,83760.0,10.333333333333334,32.05,11.070615034168565,1586130.25,16.602316602316602,0.0,6.452960840496658,0.0,66.42294668559329
2021-08-18,87653.0,10.6,33.4,10.770625566636447,1671874.4400000002,16.605166051660518,0.0,6.010062405165825,0.0,69.51015455864743
2021-08-19,90911.0,11.15,36.75833333333333,10.5421293272371,1787355.9700000002,16.605166051660518,0.0,6.416165260529529,0.0,72.09379782872459
2021-08-20,89915.0,10.866666666666667,37.416666666666664,11.095890410958905,1782741.72,16.602316602316602,0.0,6.639604070511037,0.0,71.30395476641739
2021-08-21,88614.0,10.766666666666667,33.505833333333186,11.730995932326348,1705571.15,16.610169491525426,0.0,5.478818245423973,0.0,70.2722420916567
2021-08-22,46367.0,9.283333333333333,31.866666666666667,14.250356972870062,988248.1500000001,16.595744680851062,0.0,12.010697263139733,0.0,36.76973219879303
2021-08-23,72845.0,10.133333333333333,35.266666666666666,11.746426351771289,1468515.1400000001,16.595744680851062,0.0,9.43372915093692,0.0,57.76718662024885
2021-08-24,85380.0,10.733333333333333,36.534166666666714,10.605343660068119,1640271.8800000001,16.59919028340081,0.0,6.549543218552355,0.0,67.70763118452669
2021-08-25,89989.0,10.6,34.733333333333334,10.62992125984252,1722474.0100000002,16.605166051660518,0.0,6.246318994543778,0.0,71.36263788550448
2021-08-26,91998.0,10.883333333333333,36.05,10.629123395223354,1785994.71,16.605166051660518,0.0,6.126220135220331,0.0,72.95580526720644
2021-08-27,87615.0,11.1,38.05,10.582399412088924,1735567.6400000001,16.59919028340081,0.0,6.6598185242253045,0.0,69.4800199839811
2021-08-28,81130.0,10.733333333333333,32.166666666666664,12.024222712052044,1580460.84,16.605166051660518,0.0,7.134229015160853,0.0,64.33731691263353
2021-08-29,65165.0,11.3,39.21666666666667,13.0625507717303,1422722.1300000001,16.602316602316602,0.0,9.7751860661398,0.0,51.676830477157196
2021-08-30,76162.0,10.35,35.46666666666667,11.48936170212766,1522953.46,16.587677725118482,0.0,8.858748457235892,0.0,60.39761778257111
2021-08-31,85360.0,10.8,35.65,16.223683362750304,1654479.59,16.666666666666664,0.0,9.58871215051117,0.0,67.69177088207073
2021-09-01,78278.0,10.716666666666665,70.92666666666666,13.461624472282214,1505298.7899999998,16.63449163449163,0.0,9.288822296623815,0.0,62.075637782412514
2021-09-02,82302.0,12.15,52.25,11.198485502244806,1822503.3900000001,16.59919028340081,0.0,7.696046268620446,0.0,65.26673063655323
2021-09-03,84884.0,11.6,44.43333333333333,10.846212973096899,1767779.34,16.591928251121075,0.0,7.324112907026059,0.0,67.31429568361868
2021-09-04,79127.0,10.75,33.38333333333333,12.192118226600986,1548042.58,16.595744680851062,0.0,6.671553325666333,0.0,62.748907621668344
2021-09-05,66172.0,10.566666666666666,33.416666666666664,13.018002401325077,1360033.0,16.595744680851062,0.0,8.775615063773197,0.0,52.47539670581518
2021-09-06,63988.0,9.916666666666666,34.22749999999991,13.693169744620022,1364791.46,16.595744680851062,0.0,10.712946177408265,0.0,50.74345167762349
2021-09-07,80049.0,10.6,36.666666666666664,11.11111111111111,1597996.79,16.602316602316602,0.0,7.7689914927107155,0.0,63.480067564888465
2021-09-08,92699.0,11.333333333333334,34.21666666666667,10.249520153550863,1811596.85,16.607773851590107,0.0,6.604170487276022,0.0,73.51170886828812
2021-09-09,95145.0,13.066666666666666,42.41333333333338,9.192467283753592,1976636.15,16.612377850162865,0.0,6.349256398129172,0.0,75.45142385865299
2021-09-10,96907.0,12.783333333333333,44.083333333333336,9.372384937238495,1993853.04,16.607773851590107,0.0,5.6714169255058975,0.0,76.84871650502375
2021-09-11,95202.0,11.433333333333334,32.483333333333334,11.168009012963122,1812895.1700000002,16.610169491525426,0.0,4.970483813365266,0.0,75.49662572065249
2021-09-12,76733.0,11.4,37.18333333333333,12.01803349076857,1609240.68,16.610169491525426,0.0,7.811502221990539,0.0,60.85042941768899
2021-09-13,84675.0,11.9,40.0,10.06836544437539,1745551.27,16.59919028340081,0.0,7.447298494242692,0.0,67.14855552295383
2021-09-14,93227.0,12.166666666666666,37.05,9.267734553775744,1814368.05,16.610169491525426,0.0,5.083291321183777,0.0,73.93042085312567
2021-09-15,97752.0,11.633333333333333,35.5,9.46685878962536,1877242.4600000002,16.612377850162865,0.0,4.847982649971356,0.0,77.51881428378839
2021-09-16,94034.0,10.55,31.366666666666667,10.745319143198712,1790800.06,16.614420062695924,0.0,5.664972244081928,0.0,74.57038405722398
2021-09-17,100643.0,12.45,41.398333333333234,9.402546523016651,2028920.19,16.612377850162865,0.0,5.575151774092585,0.0,79.81142100379854
2021-09-18,101422.0,11.55,34.483333333333334,10.780934683787297,1931010.4700000002,16.614420062695924,0.0,4.7553785174814145,0.0,80.42917978445848
2021-09-19,80156.0,11.416666666666666,36.9375,11.906614785992218,1652461.09,16.610169491525426,0.0,7.434253206247816,0.0,63.56492018302789
2021-09-20,84253.0,12.033333333333333,40.3,10.05586592178771,1743857.33,16.605166051660518,0.0,7.889333317507982,0.0,66.8139031411329
2021-09-21,91442.0,11.045833333333334,36.86666666666667,8.344149756561137,1795622.1700000004,8.306188925081432,0.0,2.686461067366579,0.0,72.51488885893053
2021-09-22,97502.0,11.9,34.833333333333336,9.602478471715738,1898671.3200000003,16.618075801749274,0.0,5.120920596500585,0.0,77.3205605030888
2021-09-23,94748.0,12.95,41.45,8.666886752453987,1926320.96,16.61631419939577,0.0,5.412251445940811,0.0,75.13659685490202
2021-09-24,99423.0,13.083333333333334,42.98166666666657,9.24351187189398,2102563.75,16.610169491525426,0.0,6.976252979692828,0.0,78.8439425539845
2021-09-25,103300.0,11.966666666666667,34.166666666666664,10.508666942584565,1986713.2600000002,16.612377850162865,0.0,4.54404646660213,0.0,81.91846218507386
2021-09-26,82868.0,11.05,35.06666666666667,12.1769694520641,1706888.9400000004,16.610169491525426,0.0,7.638654245305787,0.0,65.71557719605713
2021-09-27,86669.0,11.283333333333333,35.983333333333334,10.449927431059507,1743973.86,16.602316602316602,0.0,7.6578707496336635,0.0,68.72982767781382
2021-09-28,93266.0,11.233333333333333,32.083333333333336,9.910219923984549,1766109.3800000001,16.614420062695924,0.0,5.40282632470568,0.0,73.96134844291481
2021-09-29,99753.0,11.666666666666666,33.583333333333336,9.61103253182461,1919281.0,16.618075801749274,0.0,5.040449911280864,0.0,79.10563754450797
2021-09-30,105740.0,11.283333333333333,40.86666666666667,11.177420892347367,2122345.1000000006,16.640543364681292,0.0,9.841555290058933,0.0,83.85341908470194
2021-10-01,107048.0,11.55,71.375,11.127567553657459,2164571.99,13.839785763026097,0.0,8.49821619174589,0.0,84.89068286532225
2021-10-02,105699.0,11.733333333333333,33.53333333333333,10.514018691588785,2015052.2000000002,16.614420062695924,0.0,4.572417903669855,0.0,83.8209054646672
2021-10-03,83384.0,11.483333333333333,36.36416666666652,11.913954771097627,1756635.5100000002,16.610169491525426,0.0,8.308548402571237,0.0,66.1247729994211
2021-10-04,88406.0,11.466666666666667,37.483333333333334,9.9288256227758,1783874.4200000002,16.607773851590107,0.0,7.967784991968871,0.0,70.10729494611462
2021-10-05,98388.0,11.766666666666667,34.06666666666667,9.424083769633508,1887261.2800000003,16.612377850162865,0.0,5.3207708257104525,0.0,78.02317190188816
2021-10-06,104405.0,12.183333333333334,36.4,9.211746522411127,2047331.58,16.618075801749274,0.0,5.130980317034624,0.0,82.79474389576609
2021-10-07,109118.0,12.6,40.11666666666667,9.146557996026136,2214358.2700000005,16.61631419939577,0.0,5.5563701680749285,0.0,86.53222416951492
2021-10-08,110059.0,12.466666666666667,41.233333333333334,9.411764705882353,2229548.38,16.612377850162865,0.0,5.76236382304037,0.0,87.27845140006819
2021-10-09,107968.0,11.583333333333334,32.766666666666666,10.659016595394078,2057171.6900000002,16.618075801749274,0.0,4.6365589804386484,0.0,85.62025677829676
2021-10-10,85917.0,10.933333333333334,31.433333333333334,12.013348164627363,1732103.47,16.614420062695924,0.0,7.657390272006705,0.0,68.13348030546942
2021-10-11,80073.0,10.733333333333333,35.05,11.704996034892941,1646436.7700000003,16.605166051660518,0.0,9.398923482322381,0.0,63.49909992783562
2021-10-12,99854.0,9.704166666666666,36.3,9.591233817529812,1968446.3100000003,10.518578305612406,0.0,3.267836397868846,0.0,79.1857320719106
2021-10-13,104926.0,12.233333333333333,36.7,9.25245330348773,2064244.6400000001,16.61631419939577,0.0,5.640165449936146,0.0,83.20790477474405
2021-10-14,113206.0,12.583333333333334,38.93333333333333,9.104753795283312,2277028.8,16.61631419939577,0.0,5.618960125788385,0.0,89.77406999151474
2021-10-15,114169.0,12.566666666666666,40.7,9.266409266409266,2321023.41,16.612377850162865,0.0,5.730101866531195,0.0,90.53774355476959
2021-10-16,111752.0,11.583333333333334,32.57416666666662,10.424110081833865,2098490.16,16.61631419939577,0.0,4.360548357076383,0.0,88.62102600296588
2021-10-17,92313.0,11.133333333333333,34.45,11.792733770101252,1901157.4200000002,16.614420062695924,0.0,7.891629564633367,0.0,73.20560503088794
2021-10-18,95515.0,11.15,36.68333333333333,10.39484286865431,1925597.4100000001,16.610169491525426,0.0,7.79563419358216,0.0,75.74483945408839
2021-10-19,102428.0,12.0,36.2,9.320114128448802,1999271.4200000002,16.61631419939577,0.0,5.438942476666536,0.0,81.22695299799368
2021-10-20,110023.0,12.183333333333334,36.5,9.270386266094421,2159880.41,16.618075801749274,0.0,5.1843705407051255,0.0,87.24990285564746
2021-10-21,113552.0,12.833333333333334,39.43333333333333,9.048440541971924,2303993.9600000004,16.618075801749274,0.0,5.529625193743835,0.0,90.04845322400298
2021-10-22,113249.0,12.516666666666667,39.99333333333319,9.270576638738294,2291247.63,16.614420062695924,0.0,5.592985368524225,0.0,89.80816964179508
2021-10-23,110317.0,11.85,34.21666666666667,10.339976553341149,2116636.04,16.618075801749274,0.0,4.605817779671311,0.0,87.48304930175019
2021-10-24,90710.0,11.116666666666667,34.8,11.777124051370613,1873904.4600000002,16.614420062695924,0.0,8.012347040017637,0.0,71.93440178904211
2021-10-25,92165.0,11.4,38.4,10.102554540369196,1869393.01,16.607773851590107,0.0,7.687299951174524,0.0,73.08823879271378
2021-10-26,93090.0,11.133333333333333,32.65,9.861751152073733,1803018.9600000002,16.614420062695924,0.0,6.872918680846493,0.0,73.82177778130229
2021-10-27,110980.0,12.55,38.7,9.07523510971787,2214408.0700000003,16.619718309859156,0.0,5.475761398450171,0.0,88.00881832816552
2021-10-28,116532.0,13.016666666666667,41.15749999999995,8.848641655886158,2365667.43,16.619718309859156,0.0,5.474032883671438,0.0,92.41163828994219
2021-10-29,118591.0,12.266666666666667,37.733333333333334,9.061784897025172,2353244.4400000004,16.614420062695924,0.0,5.56028703695896,0.0,94.04445642778408
2021-10-30,108229.0,11.683333333333334,32.1,10.280207031947173,2043066.5100000002,16.614420062695924,0.0,4.544068595293313,0.0,85.82723372534714
2021-10-31,92677.0,11.675,32.75749999999995,13.15370700967463,1866225.63,15.823881738243916,0.0,9.02250002398979,0.0,73.49426253558656
2021-11-01,97130.0,12.45,42.06333333333329,15.218016083934243,1981554.31,15.579090302337537,0.0,26.91198799861547,0.0,77.02555887740779
2021-11-02,107305.0,11.35,32.61666666666667,9.764990116406764,2016469.58,16.61631419939577,0.0,5.502073528726528,0.0,85.09448775188143
2021-11-03,112684.0,9.866666666666667,36.36666666666667,9.646690887505015,2198949.93,8.309859154929578,0.0,2.534987531393378,0.0,89.36011609741398
2021-11-04,118699.0,12.783333333333333,38.1,8.977556109725684,2385566.9000000004,16.621253405994548,0.0,5.275528858709846,0.0,94.1301020610463
2021-11-05,119653.0,12.75,39.8,9.037092544023979,2431525.65,16.61631419939577,0.0,5.783390303627991,0.0,94.88663848819597
2021-11-06,121137.0,11.883333333333333,32.5,10.095344924284912,2290149.9400000004,16.619718309859156,0.0,4.291834864657371,0.0,96.06347293042879
2021-11-07,91387.0,11.216666666666667,36.28333333333333,12.195121951219512,1955903.81,16.621253405994548,0.0,8.049284909232167,0.0,72.47127302717662
2021-11-08,98607.0,11.8,38.62833333333329,10.014903129657228,2068971.4300000002,16.614420062695924,0.0,8.284401715902522,0.0,78.19684221378101
2021-11-09,110251.0,12.366666666666667,37.21666666666667,9.302733006306939,2213179.99,16.619718309859156,0.0,6.006294727485465,0.0,87.4307103036455
2021-11-10,117669.0,12.8,40.193333333333186,9.066487575554063,2410863.89,16.621253405994548,0.0,5.9021492491650305,0.0,93.31329648456396
2021-11-11,115196.0,12.916666666666666,41.3,9.483498671651347,2407503.74,16.62269129287599,0.0,6.603527900274315,0.0,91.35217008588354
2021-11-12,118390.0,12.583333333333334,38.11666666666667,9.146341463414634,2392853.7800000003,16.618075801749274,0.0,5.731903032350705,0.0,93.8850603881016
2021-11-13,121618.0,12.016666666666667,35.38333333333333,10.061486864169927,2359809.37,16.621253405994548,0.0,4.538801822098702,0.0,96.44491320449481
2021-11-14,100652.0,11.45,36.8,11.57695512624868,2132309.29,16.61631419939577,0.0,8.053491237133887,0.0,79.81855813990373
2021-11-15,105852.0,11.633333333333333,39.03333333333333,10.0,2195493.3600000003,16.614420062695924,0.0,7.855307410346521,0.0,83.94223677845537
2021-11-16,113404.0,11.45,38.266666666666666,10.037416851441241,2289008.5700000003,15.302044893881629,0.0,3.019320476530603,0.0,89.93108698582881
2021-11-17,117432.0,12.6,39.15,9.183673469387756,2385172.3100000005,16.62269129287599,0.0,5.67221881599564,0.0,93.12535190046074
2021-11-18,123322.0,12.716666666666667,40.35,9.169638308711157,2536303.0,16.619718309859156,0.0,5.814047777363325,0.0,97.79621097374327
2021-11-19,124447.0,12.383333333333333,40.766666666666666,9.241300627495722,2550421.26,16.61631419939577,0.0,6.185765828023174,0.0,98.68835298689146
2021-11-20,120818.0,11.983333333333333,35.083333333333336,10.283159463487332,2380605.85,16.61631419939577,0.0,4.876756774652784,0.0,95.8105011062561
2021-11-21,96197.0,11.316666666666666,34.31666666666667,11.70059093893631,1998458.2000000002,16.612377850162865,0.0,7.724773121822926,0.0,76.28567576783689
2021-11-22,103715.0,11.75,38.916666666666664,9.74169741697417,2102499.5300000003,16.607773851590107,0.0,7.097334040399171,0.0,82.2475634610352
2021-11-23,110710.0,12.85,43.4,8.755082193469363,2289187.3000000003,16.610169491525426,0.0,6.304760184265197,0.0,87.79470424500995
2021-11-24,99790.0,11.05,43.2,10.80316423228047,2038661.03,16.63449163449163,0.0,3.225871105454618,0.0,79.13497910405151
2021-11-25,63903.0,10.066666666666666,32.516666666666666,12.90400972053463,1268756.2600000002,16.591928251121075,0.0,6.863527533918595,0.0,50.67604539218563
2021-11-26,83887.0,10.716666666666667,31.516666666666666,11.265646731571628,1647832.4500000002,16.59919028340081,0.0,7.4564592845136906,0.0,66.52365960618869
2021-11-27,97496.0,11.333333333333334,33.833333333333336,11.22994652406417,1972974.0500000003,16.607773851590107,0.0,8.03622712726676,0.0,77.315802412352
2021-11-28,84271.0,11.166666666666666,44.95,11.971830985915492,1872991.31,16.610169491525426,0.0,11.147369795065918,0.0,66.82817741334327
2021-11-29,99085.0,11.633333333333333,40.266666666666666,10.207623179423614,2102829.5,16.605166051660518,0.0,9.822879346016048,0.0,78.57590344247865
2021-11-30,110729.0,11.479166666666666,40.91833333333319,11.770783502442175,2299972.42,16.640543364681292,0.0,8.986302731322112,0.0,87.80977153234312
2021-12-01,113321.0,15.375,42.266666666666666,11.01740476909648,2344509.6700000004,16.64237123420797,0.0,15.412705417559785,0.0,89.86526673063655
2021-12-02,119380.0,13.15,41.65,9.103200892703331,2515819.5100000002,16.619718309859156,0.0,6.612497905846876,0.0,94.670145359672
2021-12-03,126101.0,12.65,39.9,9.210953817591088,2592864.2,16.618075801749274,0.0,6.2719566062124805,0.0,100.0
2021-12-04,122503.0,12.35,35.71666666666667,10.090177918596147,2431014.0,16.621253405994548,0.0,5.093752806053729,0.0,97.14673158817139
2021-12-05,100787.0,11.766666666666667,36.81666666666667,11.714876033057852,2179896.81,16.61631419939577,0.0,8.121087044956194,0.0,79.9256151814815
2021-12-06,103886.0,11.933333333333334,40.766666666666666,10.04390826979246,2181501.6500000004,16.612377850162865,0.0,7.884604277766012,0.0,82.38316904703373
2021-12-07,117992.0,12.383333333333333,37.56666666666667,9.370421723122679,2399173.18,16.621253405994548,0.0,6.428401925554275,0.0,93.56944036922783
2021-12-08,122337.0,12.05,39.11666666666667,22.046275920061547,2533499.47,18.319828687996413,0.0,3.0277269160345277,0.0,97.01509107778685
2021-12-09,125529.0,13.316666666666666,43.25,9.0283448034527,2667765.9800000004,16.626506024096386,0.0,6.371436082498865,0.0,99.54639534975932
2021-12-10,123443.0,13.216666666666667,41.55,9.154457932189201,2630147.87,16.62269129287599,0.0,6.466952358578454,0.0,97.89216580360187
2021-12-11,119682.0,12.633333333333333,36.766666666666666,9.936908517350156,2397729.3800000004,16.624040920716112,0.0,4.946441403051419,0.0,94.90963592675712
2021-12-12,98850.0,12.033333333333333,38.93333333333333,11.575809199318568,2161026.9699999997,16.619718309859156,0.0,8.247850278199293,0.0,78.38954488862103
2021-12-13,103277.0,11.833333333333334,38.61666666666667,10.022616247512213,2151628.54,16.61631419939577,0.0,7.694840090242745,0.0,81.9002228372495
2021-12-14,111878.0,12.383333333333333,38.983333333333334,9.316081330868762,2269484.89,16.618075801749274,0.0,6.1164840272439625,0.0,88.72094590843848
2021-12-15,115895.0,11.0,374.8599999999999,9.12473527774654,2360106.7500000005,18.306965636411057,0.0,2.9394253171110534,0.0,91.90648765671962
2021-12-16,117279.0,12.633333333333333,41.2,9.418313387141664,2450785.0100000002,16.618075801749274,0.0,6.432524151808934,0.0,93.00402058667258
2021-12-17,114687.0,12.216666666666667,40.233333333333334,9.806678383128295,2390591.2,16.614420062695924,0.0,6.551745184720151,0.0,90.94852538837915
2021-12-18,102506.0,8.2,33.833333333333336,10.579810061457653,1995810.53,18.324565851185195,0.0,2.790650029755227,0.0,81.28880817757195
2021-12-19,84262.0,122.38749999999999,443.8591666666666,7.636305792018267,1747067.99,11.725057385981591,0.0,28.89152622834085,0.0,66.82104027723808
2021-12-20,86904.0,10.983333333333333,37.99749999999985,10.550996483001173,1755223.46,16.602316602316602,0.0,6.939841664365276,0.0,68.91618623167143
2021-12-21,85925.0,13.0875,35.833333333333336,9.021559165727755,1701146.08,17.139298457637715,0.0,2.956717060624047,0.0,68.13982442645181
2021-12-22,84813.0,11.116666666666667,37.15,10.192307692307693,1677563.1600000001,16.59919028340081,0.0,5.9023970381899,0.0,67.2579916099
2021-12-23,81367.0,10.8,36.583333333333336,10.431423052157115,1601170.25,16.591928251121075,0.0,6.203989332284587,0.0,64.52526149673675
2021-12-24,64536.0,9.566666666666666,30.083333333333332,11.969696969696969,1199915.75,16.39061878892275,0.0,5.891285484070906,0.0,51.17802396491701
2021-12-25,37501.0,10.3,30.9,13.506139154160984,784153.21,15.30612244897959,0.0,9.437081677821926,0.0,29.73886012006249
2021-12-26,50689.0,11.7,35.166666666666664,12.53057384760113,1116913.4600000002,16.22593611169875,0.0,11.74416540077729,0.0,40.19714355952768
2021-12-27,65223.0,10.666666666666666,33.78333333333333,11.985383678440925,1375842.59,16.4090515642389,0.0,10.950124955920458,0.0,51.72282535427951
2021-12-28,70221.0,11.1,34.28333333333333,11.561712846347607,1466541.8399999999,16.564417177914113,0.0,10.08245396676208,0.0,55.686314938025866
2021-12-29,70277.0,11.066666666666666,34.58666666666662,11.531421598535692,1463059.53,16.587677725118482,0.0,9.62334761017118,0.0,55.73072378490258
2021-12-30,73143.0,11.033333333333333,35.18333333333333,11.583710407239819,1522863.0100000002,16.587677725118482,0.0,9.041193278919376,0.0,58.00350512684277
2021-12-31,65712.0,10.233333333333333,30.216666666666665,12.366412213740459,1308571.7600000002,16.591928251121075,0.0,8.269418066715364,0.0,52.11060974932792
